Tiêu đề,Giá,Diện tích,Địa chỉ,Link chi tiết
"Bán nhà 6/22A Lê Thúc Hoạch, P.Phú Thọ Hoà (50m2) 1 lầu đúc, 5.6 tỷ TL",5.6 tỷ,52.7 m²,"6/22A Lê Thúc Hoạch, P.Phú Thọ Hoà, Q.Tân Phú",https://nhabansg.vn/ban-nha-622a-le-thuc-hoach-pphu-tho-hoa-50m2-1-lau-duc-56-ty-tl-nb619292.html
Chính chủ Bán Nhà 356/12  Gò Dầu - P. Tân Quý - Tân Phú,8.1 tỷ,85 m²,356/12  Gò Dầu - P. Tân Quý - Tân Phú,https://nhabansg.vn/chinh-chu-ban-nha-35612-go-dau-p-tan-quy-tan-phu-nb619287.html
"Chính chủ cần bán nhà 2 lầu. Vườn Lài, Tân Phú. Giá 1,17 tỷ. Sổ sẵn",1.17 tỷ,52 m²,"Đường Vườn Lài, Phường Tân Thành, Quận Tân Phú",https://nhabansg.vn/chinh-chu-can-ban-nha-2-lau-vuon-lai-tan-phu-gia-117-ty-so-san-nb619279.html
"Bán nhà 281/19 khuông việt 4,3x14 ko lộ giới",5.9 tỷ,60.2 m²,281/19 khuông việt,https://nhabansg.vn/ban-nha-28119-khuong-viet-43x14-ko-lo-gioi-nb615809.html
"Bán nhà đường gò dầu quận tân phú Dt: 4mx14m đường vào oto giá 6,2 tỷ",6.2 tỷ,56 m²,"đường gò dầu, phường tân quý, quận tân phú",https://nhabansg.vn/ban-nha-duong-go-dau-quan-tan-phu-dt-4mx14m-duong-vao-oto-gia-59-ty-nb593071.html
Bán đất 100m2 giá 10 tỷ HXH đường Lê Trọng Tấn quận tân phú gần Aeon,10 tỷ,102 m²,"đường lê trọng tấn, phường tây thạnh, tp. hồ chí minh",https://nhabansg.vn/ban-dat-100m2-gia-10-ty-hxh-duong-le-trong-tan-quan-tan-phu-gan-aeon-nb618727.html
"Bán nhà 3,5 Tầng đường độc lập quận tân phú, Dt: 4x17m Giá 8,5 Tỷ",8.5 tỷ,68 m²,"đường độc lập, phường tân thành, quận tân phú",https://nhabansg.vn/ban-nha-35-tang-duong-doc-lap-quan-tan-phu-dt-4x17m-gia-85-ty-nb619192.html
"Bán nhà 621/14 Bình Long 4,15x18 trệt 3 lầu đúc thật",6.75 tỷ,74.7 m²,621/14 Bình long,https://nhabansg.vn/ban-nha-62114-binh-long-415x18-tret-3-lau-duc-that-nb619215.html
Chính chủ cần bán nhà diện tích: 8x20. mặt tiền đường 12m. Gần Aeon Tân Phú,21 tỷ,160 m²,"10, Đường T5, Phường Tây Thạnh, Quận Tân Phú",https://nhabansg.vn/chinh-chu-can-ban-nha-dien-tich-8x20-mat-tien-duong-12m-gan-aeon-tan-phu-nb619140.html
"Chính chủ bán Nhà 17/16 huỳnh văn gấm, P tây Thạnh, Q.Tân Phú",4.5 tỷ,54 m²,"17/16 huỳnh văn gấm, P tây Thạnh, Q.Tân Phú",https://nhabansg.vn/chinh-chu-ban-nha-1716-huynh-van-gam-p-tay-thanh-qtan-phu-nb619136.html
Nhà MT đường 30/4 đang kinh doanh thu nhập 50 triệu/thg cần bán giá tốt,24.5 tỷ,161 m²,"Đường 30 Tháng 4, Phường Tân Thành, Quận Tân Phú",https://nhabansg.vn/nha-mt-duong-304-dang-kinh-doanh-thu-nhap-50-trieuthg-can-ban-gia-tot-nb619087.html
"Bán nhà MT số 77 Lê Trọng Tấn, Phường  Sơn Kỳ, Tân Phú",32 tỷ,156.4 m²,"77, Đường Lê Trọng Tấn, Phường Sơn Kỳ, Quận Tân Phú",https://nhabansg.vn/ban-nha-mt-so-77-le-trong-tan-phuong-son-ky-tan-phu-nb619027.html
"Nhà bán 186/18 Nguyễn sơn, P. Phú thọ hòa, Q. Tân Phú",5.1 tỷ,57.7 m²,"186/18 Nguyễn sơn, P. Phú thọ hòa, Q. Tân Phú",https://nhabansg.vn/nha-ban-18618-nguyen-son-p-phu-tho-hoa-q-tan-phu-nb618712.html
"Chính chủ gửi bán căn nhà vị trí đắc địa nhất khu Tây Thạnh, Tân Phú",11.2 tỷ,100 m²,"Phường Tây Thạnh, Quận Tân Phú",https://nhabansg.vn/chinh-chu-gui-ban-can-nha-vi-tri-dac-dia-nhat-khu-tay-thanh-tan-phu-nb618663.html
Chính chủ SHR đi bộ Aeon,4.95 tỷ,31.6 m²,Hẻm 481 Tân Kỳ Tân Quý,https://nhabansg.vn/chinh-chu-shr-di-bo-aeon-nb618531.html
"Chính chủ bán nhà hẻm 8m,  Luỹ Bán Bích, Phú Thạnh, Tân Phú",20 tỷ,160 m²,"Đường Lũy Bán Bích, Phường Phú Thạnh, Quận Tân Phú",https://nhabansg.vn/chinh-chu-ban-nha-hem-8m-luy-ban-bich-phu-thanh-tan-phu-nb618473.html
"BÁN NHÀ 4x13M. 3 LẦU BTCT . HẺM 8M,56/24 TRẦN HƯNG ĐẠO. GIÁ 7,9 TỶ",7.9 tỷ,52 m²,"56/24 , Đường Trần Hưng Đạo, Phường Tân Sơn Nhì, Quận Tân Phú",https://nhabansg.vn/ban-nha-4x13m-3-lau-btct-hem-8m5624-tran-hung-dao-gia-79-ty-nb618374.html
"Chính chủ Bán nhà  35/21  Đỗ Công Tường , Tân Quý , Q.Tân Phú.",5.6 tỷ,49.5 m²,"35/21  Đỗ Công Tường , Tân Quý , Q.Tân Phú.",https://nhabansg.vn/chinh-chu-ban-nha-3521-do-cong-tuong-tan-quy-qtan-phu-nb618367.html
"Nhà bán 205/15 Thoại Ngọc Hầu, P. Phú thạnh, Q. Tân Phú",4.95 tỷ,36.4 m²,"205/15 Thoại Ngọc Hầu, P. Phú thạnh, Q. Tân Phú",https://nhabansg.vn/nha-ban-20515-thoai-ngoc-hau-p-phu-thanh-q-tan-phu-nb618334.html
"Bán nhà số 182/23 Thoại Ngọc Hầu, Phường Phú Thạnh, TP.HCM",14.7 tỷ,94 m²,"182/23, Đường Thoại Ngọc Hầu, Phường Phú Thạnh, Quận Tân Phú",https://nhabansg.vn/ban-nha-so-18223-thoai-ngoc-hau-phuong-phu-thanh-tphcm-nb618197.html
"Bán nhà số 170/2 Phú Thọ Hòa, Phường Phú Thọ Hòa, Quận Tân Phú",25 tỷ,127 m²,"170/2, Đường Phú Thọ Hoà, Phường Phú Thọ Hòa, Quận Tân Phú",https://nhabansg.vn/ban-nha-so-1702-phu-tho-hoa-phuong-phu-tho-hoa-quan-tan-phu-nb618090.html
Chính chủ cần bán nhà ngay công viên D9. Tây Thạnh. Tân Phú. 4x10,3.78 tỷ,40 m²,"Đường D9, Phường Tây Thạnh, Quận Tân Phú",https://nhabansg.vn/chinh-chu-can-ban-nha-ngay-cong-vien-d9-tay-thanh-tan-phu-4x10-nb618054.html
Chính chủ cần bán nhà mặt tiền đường ngay chợ Tân Hương,12 tỷ,104 m²,"4, Đường Đỗ Thị Tâm, Phường Tân Quý, Quận Tân Phú",https://nhabansg.vn/chinh-chu-can-ban-nha-mat-tien-duong-ngay-cho-tan-huong-nb617889.html
"Bán nhà hẻm vip 7m 143/63 Gò Dầu gần Tân Sơn Nhì, Tân Phú",6.45 tỷ,40 m²,"79/6/8, Đường Phú Thọ Hoà, Phường Phú Thọ Hòa, Quận Tân Phú",https://nhabansg.vn/ban-nha-hem-vip-7m-14363-go-dau-gan-tan-son-nhi-tan-phu-nb617877.html
Bán nhà 2 mặt tiền chính chủ số 101-103 đường Tân Hương Quận Tân Phú9,39.9 tỷ,176 m²,"101 - 103, Đường Tân Hương, Phường Tân Sơn Nhì, Quận Tân Phú",https://nhabansg.vn/ban-nha-2-mat-tien-chinh-chu-so-101-103-duong-tan-huong-quan-tan-phu9-nb617874.html
"Chính chủ Bán nhà 301/8 kênh tân hóa, hòa thạnh, Quận  Tân Phú",10 tỷ,265 m²,"301/8, Đường Kênh Tân Hóa, Phường Hòa Thạnh, Quận Tân Phú",https://nhabansg.vn/chinh-chu-ban-nha-3018-kenh-tan-hoa-hoa-thanh-quan-tan-phu-nb617870.html
"Bán nhà mặt tiền số 20, đường B4, Tây Thạnh, Tân Phú",4.5 tỷ,32 m²,"20, Đường B4, Phường Tây Thạnh, Quận Tân Phú",https://nhabansg.vn/ban-nha-mat-tien-so-20-duong-b4-tay-thanh-tan-phu-nb617832.html
"Nhà HXH 6m 81/1A Lương Thế Vinh, Tân Thới Hòa - QUẬN TÂN PHÚ",15 tỷ,126 m²,"81/1A, Đường Lương Thế Vinh, Phường Tân Thới Hòa, Quận Tân Phú",https://nhabansg.vn/nha-hxh-6m-811a-luong-the-vinh-tan-thoi-hoa-quan-tan-phu-nb617703.html
Nhà chính chủ giá chỉ 115 triệu/m nhà 3 tầng ngay trung tâm Quận Tân Phú,16.5 tỷ,143 m²,"Đường Khuông Việt, Phường Phú Trung, Quận Tân Phú",https://nhabansg.vn/nha-chinh-chu-gia-chi-115-trieum-nha-3-tang-ngay-trung-tam-quan-tan-phu-nb617611.html
"Bán Nhà 703/22 Lê Trong Tấn,4-14M2 4Lầu 5Pn,6.05ty. kế công viên hẻm8m",6.05 tỷ,56 m²,"703/22, Đường Lê Trọng Tấn, Phường Tây Thạnh, Quận Tân Phú",https://nhabansg.vn/ban-nha-70322-le-trong-tan4-14m2-4lau-5pn605ty-ke-cong-vien-hem8m-nb617381.html
Mua bán căn hộ Celadon city T2/2026,,71 m²,"Phường Sơn Kỳ, Quận Tân Phú",https://nhabansg.vn/mua-ban-can-ho-celadon-city-t22026-nb617036.html
"Nhà bán 266/26/11 Phú Thọ Hòa, SHR, BTCT. Hẻm cụt 5m. Hướng Nam.",6.85 tỷ,64.5 m²,"Bán 266/26/11 Phú Thọ Hoà, Phường Phú Thọ Hoà, Quận Tân Phú, TP.Hồ Chí Minh.",https://nhabansg.vn/nha-ban-2662611-phu-tho-hoa-hem-6m-dt645m2-btct-dt-san1875m2-nb597291.html
Bán nhà Lỹ Bán Bích HH 150tr,10.1 tỷ,68 m²,"Lỹ Bán Bích, Phường Phú Thạnh, Quận Tân Phú",https://nhabansg.vn/ban-nha-ly-ban-bich-hh-150tr-nb616973.html
"Nhà bán MT 244 Phan Anh,Hiệp Tân, Tân Phú 4*25,1 lầu",15.9 tỷ,100 m²,"Đường Phan Anh, Phường Hiệp Tân, Quận Tân Phú",https://nhabansg.vn/nha-ban-mt-244-phan-anhhiep-tan-tan-phu-4251-lau-nb616956.html
NHÀ ĐẸP Ở LIỀN-ĐÚC BÊ TÔNG. Địa chỉ : 29/24/14 đường số 18 phường Tân,3.25 tỷ,24.9 m²,"Số 18, Phường Tân Quý, Quận Tân Phú",https://nhabansg.vn/nha-dep-o-lien-duc-be-tong-dia-chi-292414-duong-so-18-phuong-tan-nb616912.html
Chính Chủ Bán nhà mới xây 8x18 Trống suốt - Đường 10m - Quận  Tân phú,16.5 tỷ,144 m²,"1/15, Đường Phạm Quý Thích, Phường Tân Quý, Quận Tân Phú",https://nhabansg.vn/chinh-chu-ban-nha-moi-xay-8x18-trong-suot-duong-10m-q-tan-phu-nb616911.html
BÁN NHÀ Đ/C 179/33 LÊ ĐÌNH THÁM 4X11 - 3 TẦNG - CHÍNH CHỦ - GIÁ TỐT,5.5 tỷ,44 m²,"Đường Tô Hiệu, Phường Hiệp Tân, Quận Tân Phú",https://nhabansg.vn/ban-nha-dc-17933-le-dinh-tham-4x11-3-tang-chinh-chu-gia-tot-nb616891.html
"Bán nhà 120/1/2 trệt lầu 93,6m2 Lũy Bán Bích, Tân Phú",8.5 tỷ,81 m²,"120/1/2, Đường Lũy Bán Bích, Phường Tân Thới Hòa, Quận Tân Phú",https://nhabansg.vn/ban-nha-12012-tret-lau-936m2-luy-ban-bich-tan-phu-nb616884.html
"cần bán, nhà sổ hồng riêng,giá hợp lí",4.65 tỷ,48 m²,"Đường Lê Đình Thám, Phường Tân Quý, Quận Tân Phú",https://nhabansg.vn/can-ban-nha-so-hong-rienggia-hop-li-nb616585.html
Cần Bán Nhà Khu Nội Bộ Tô Hiệu,9 tỷ,80 m²,"Hẻm 149 Lý Thánh Tông, Phường Tân Thới Hòa, Quận Tân Phú",https://nhabansg.vn/can-ban-nha-khu-noi-bo-to-hieu-nb616577.html
Bán nhà bán âu cơ chính chủ có 5p 64m2 hẻm 5m,7.2 tỷ,64 m²,"Đường Âu Cơ, Phường Phú Trung, Quận Tân Phú",https://nhabansg.vn/ban-nha-ban-au-co-chinh-chu-co-5p-64m2-hem-5m-nb616576.html
bán MT nội bộ đường Hiền Vương. Dt 8m x 23m. Nhà cấp 4 Quận Tân Phú,16.5 tỷ,160 m²,"Đường Hiền Vương, Phường Phú Thạnh, Quận Tân Phú",https://nhabansg.vn/ban-mt-noi-bo-duong-hien-vuong-dt-8m-x-23m-nha-cap-4-quan-tan-phu-nb616531.html
Chính chủ cần bán Biệt thự giá 17.2 tỷ,17.2 tỷ,128 m²,"Đường Vườn Lài, Phường Tân Thành, Quận Tân Phú",https://nhabansg.vn/chinh-chu-can-ban-biet-thu-gia-172-ty-nb616511.html
"bán gấp  ,Aeon Tân Thắng , hẻm thông 12m ,lề 3m ,chỉ 7 ty 6 Quận  Tân Phú",7.6 tỷ,60 m²,"Đường Tân Thắng, Phường Sơn Kỳ, Quận Tân Phú",https://nhabansg.vn/ban-gap-aeon-tan-thang-hem-thong-12m-le-3m-chi-7-ty-6-q-tan-phu-nb616504.html
"Chính Chủ bán nhà đất  549/26 Đường Tân Kỳ Tân Quý, Tân Quý, Tân Phú",18 tỷ,188 m²,"549/26 , Đường Tân Kỳ Tân Quý, Phường Tân Quý, Quận Tân Phú",https://nhabansg.vn/chinh-chu-ban-nha-dat-54926-duong-tan-ky-tan-quy-tan-quy-tan-phu-nb616407.html
Bán nhà chính chủ hẻm Hoà Bình,5.5 tỷ,38.2 m²,"273/32/21, Đường Hòa Bình, Phường Hiệp Tân, Quận Tân Phú",https://nhabansg.vn/ban-nha-chinh-chu-hem-hoa-binh-nb616346.html
"Bán Nhà Đầu Tư Tại Phường Tân Sơn Nhì, Quận Tân Phú",23 tỷ,220 m²,"108, Trần Tấn, Phường Tân Sơn Nhì, Quận Tân Phú",https://nhabansg.vn/ban-nha-dau-tu-tai-phuong-tan-son-nhi-quan-tan-phu-nb616283.html
BÁN NHÀ 56/24 TRẦN HƯNG ĐẠO.DIỆN TÍCH 4x13M. 3 LẦU . Quận Tân Phú,7.99 tỷ,52 m²,"56/24 , Đường Trần Hưng Đạo, Phường Tân Sơn Nhì, Quận Tân Phú",https://nhabansg.vn/ban-nha-5624-tran-hung-daodien-tich-4x13m-3-lau-quan-tan-phu-nb616278.html
"Bán nhà 94/5/13 Phú Thọ Hòa.Tân Phú.diện tích 4,1m×6,3m.diện tíchSD 25,5m.1 Lầu.2PN",3.2 tỷ,26 m²,"93/3/15, Đường Phú Thọ Hoà, Phường Phú Thọ Hòa, Quận Tân Phú",https://nhabansg.vn/ban-nha-94513-phu-tho-hoatan-phudt-41m63mdtsd-255m1-lau2pn-nb616226.html
bán nhà mặt tiền Nguyễn lộ trạch tân Phú,7.1 tỷ,83 m²,"Đường Nguyễn Lộ Trạch, Phường Tân Quý, Quận Tân Phú",https://nhabansg.vn/ban-nha-mat-tien-nguyen-lo-trach-tan-phu-nb616204.html
mình chính chủ bán nhà tân sơn nhì,5.75 tỷ,32 m²,"27/14/15/9, Đường Nguyễn Văn Săng, Phường Tân Sơn Nhì, Quận Tân Phú",https://nhabansg.vn/minh-chinh-chu-ban-nha-tan-son-nhi-nb616200.html
"Chính chủ bán nhà 79/6/8 Phú Thọ Hòa, Phường Phú Thọ Hòa, Quận Tân Phú",6.8 tỷ,57 m²,"79/6/8, Đường Phú Thọ Hoà, Phường Phú Thọ Hòa, Quận Tân Phú",https://nhabansg.vn/chinh-chu-ban-nha-7968-phu-tho-hoa-phuong-phu-tho-hoa-quan-tan-phu-nb616195.html
"111/8/24 Vườn Lài, hai mặt hẻm rộng 6m, ngang 4m nở hậu 7m, 87m2, 8 tỷ",8 tỷ,87 m²,"111/8/24, Đường Vườn Lài, Phường Phú Thọ Hòa, Quận Tân Phú",https://nhabansg.vn/111824-vuon-lai-hai-mat-hem-rong-6m-ngang-4m-no-hau-7m-87m2-8-ty-nb616192.html
Hẻm xe hơi Trần Văn Ơn 1,7 tỷ,56.5 m²,"Đường Trần Văn Ơn, Phường Sơn Kỳ, Quận Tân Phú",https://nhabansg.vn/hem-xe-hoi-tran-van-on-1-nb616190.html
Bán nhà ngay Đại Học Thực Phẩm nhà đẹp 57m2 3 phòng ngủ giá rẻ Quận  Tân Phú,4.95 tỷ,57 m²,"Đường Đô Đốc Chấn, Phường Sơn Kỳ, Quận Tân Phú",https://nhabansg.vn/ban-nha-ngay-dai-hoc-thuc-pham-nha-dep-57m2-3-phong-ngu-gia-re-q-tan-phu-nb616189.html
Nhà bán đẹp Tân Phú,12.9 tỷ,84.5 m²,"Tây Sơn, Phường Phú Thọ Hòa, Quận Tân Phú",https://nhabansg.vn/nha-ban-dep-tan-phu-nb616176.html
Góc Bán Nhà 151/31/24A Quận Tân Phú.diện tích,1.05 tỷ,18 m²,"151/31/24A , Đường Lũy Bán Bích, Phường Tân Thới Hòa, Quận Tân Phú",https://nhabansg.vn/goc-ban-nha-1513124a-quan-tan-phudt-nb616175.html
Bán nhà chính chủ 4 tầng.Nhà 4 tầng 1 sẹt Thoại Ngọc Hầu – phường Phú Thạn,12.35 tỷ,93 m²,"Đường Thoại Ngọc Hầu, Phường Phú Thạnh, Quận Tân Phú",https://nhabansg.vn/ban-nha-chinh-chu-4-tangnha-4-tang-1-set-thoai-ngoc-hau-phuong-phu-than-nb616174.html
Bán nhà MT chính chủ cần bán . Q . Tân Phú,6.5 tỷ,68 m²,"97, Lý Thánh Tông, Phường Tân Thới Hòa, Quận Tân Phú",https://nhabansg.vn/ban-nha-mt-chinh-chu-can-ban-q-tan-phu-nb616166.html
SIêu Phẩm nhà Phố diện tích Ngang 13.8mx7- 4 Tầng-HXH Luỹ Bán Bích-Nhỉnh 9 TỶ Quận  Tân Phú,9.6 tỷ,86 m²,"710/, Đường Lũy Bán Bích, Phường Tân Thành, Quận Tân Phú",https://nhabansg.vn/sieu-pham-nha-pho-dt-ngang-138mx7-4-tang-hxh-luy-ban-bich-nhinh-9-ty-q-tan-phu-nb616116.html
bán nhà Kênh tân hoá .nhà mới 100/100,5.98 tỷ,48 m²,"Đường Kênh Tân Hóa, Phường Hòa Thạnh, Quận Tân Phú",https://nhabansg.vn/ban-nha-kenh-tan-hoa-nha-moi-100100-nb616092.html
"Chính Chủ Cần Bán Gấp Nhà. Hẻm Xe Hơi Vào nhà được 4,5x14m 1 Lầu",6.8 tỷ,63 m²,"Đường Nguyễn Hữu Dật, Phường Tây Thạnh, Quận Tân Phú",https://nhabansg.vn/chinh-chu-can-ban-gap-nha-hem-xe-hoi-vao-nha-duoc-45x14m-1-lau-nb616078.html
Bán biệt thự mini siêu đẹp 79/64 đường bờ bao Tân Thắng . eon tân phú,2.45 tỷ,20 m²,"79/64, Bờ Bao Tân Thắng, Phường Tân Sơn Nhì, Quận Tân Phú",https://nhabansg.vn/ban-biet-thu-mini-sieu-dep-7964-duong-bo-bao-tan-thang-eon-tan-phu-nb616071.html
gửi bán nhà Mặt Tiền KD Phan Anh Q Tân Phhs 8x30m. 4 tầng Quận  Tân Phú,24.5 tỷ,240 m²,"Đường Phan Anh, Phường Tân Thới Hòa, Quận Tân Phú",https://nhabansg.vn/gui-ban-nha-mat-tien-kd-phan-anh-q-tan-phhs-8x30m-4-tang-q-tan-phu-nb616036.html
"Chính chủ Bán Nhà  46A Hoàng xuân nhị, Phú trung , Q. Tân Phú",12.5 tỷ,100 m²,"46A Hoàng xuân nhị, Phú trung , Q. Tân Phú",https://nhabansg.vn/nha-ban-mtkd-46a-hoang-xuan-nhi-phu-trung-q-tan-phu-nb616023.html
"MTKD 46A Hoàng Xuân Nhị , Quận Tân Phú",13.5 tỷ,100 m²,"46A, Đường Hoàng Xuân Nhị, Phường Phú Trung, Quận Tân Phú",https://nhabansg.vn/mtkd-46a-hoang-xuan-nhi-quan-tan-phu-nb616019.html
bán gấp nhà 428/53 luỹ bán bích,5.75 tỷ,62 m²,"428/53 luỹ bán bích, Đường Lũy Bán Bích, Phường Hòa Thạnh, Quận Tân Phú",https://nhabansg.vn/ban-gap-nha-42853-luy-ban-bich-nb616015.html
Chính chủ cần bán nhà MT đường ngay Phan Đình Phùng nhà 3 lầu,11.3 tỷ,62 m²,"Phường Tân Thành, Quận Tân Phú",https://nhabansg.vn/chinh-chu-can-ban-nha-mt-duong-ngay-phan-dinh-phung-nha-3-lau-nb615957.html
chính chủ cần bán nhà hẻm xe hơi,4.3 tỷ,35 m²,"Hẻm 35 Đỗ Thừa Luông, Phường Tân Quý, Quận Tân Phú",https://nhabansg.vn/chinh-chu-can-ban-nha-hem-xe-hoi-nb615955.html
"Bán nhà mặt tiền Phú Thọ Hòa, Tân Phú – diện tích 67,53m² nở hậu – Giá 15 tỷ",15 tỷ,67.5 m²,"474, Phú Thọ Hòa, Phường Phú Thọ Hòa, Quận Tân Phú",https://nhabansg.vn/ban-nha-mat-tien-phu-tho-hoa-tan-phu-dt-6753m-no-hau-gia-15-ty-nb615949.html
Bán nhà hẻm xe hơi Bình Long thông Thạch Lam,5.8 tỷ,48 m²,"Hẻm 152 Bình Long, Phường Phú Thạnh, Quận Tân Phú",https://nhabansg.vn/ban-nha-hem-xe-hoi-binh-long-thong-thach-lam-nb615941.html
"Bán nhà đường Tân Kỳ Tân Quý, P Tân Sơn Nhì, 4.6x11 giá 4.05 tỷ",4.05 tỷ,45.8 m²,"77/14C, Đường Tân Kỳ Tân Quý, Phường Tân Sơn Nhì, Quận Tân Phú",https://nhabansg.vn/ban-nha-duong-tan-ky-tan-quy-p-tan-son-nhi-46x11-gia-405-ty-nb615861.html
cần bán nhà,2.8 tỷ,18 m²,"Huỳnh Thiện Lộc, Phường Hòa Thạnh, Quận Tân Phú",https://nhabansg.vn/can-ban-nha-nb615837.html
Nhà bán chính chủ sát chợ 4*18_4tầng:8.7ty TL Quận  Tân Phú,8.7 tỷ,72 m²,"Đường Bờ Bao Tân Thắng, Phường Sơn Kỳ, Quận Tân Phú",https://nhabansg.vn/nha-ban-chinh-chu-sat-cho-418_4tang87ty-tl-q-tan-phu-nb615820.html
"Bán nhà góc chợ 2MT 264/5 Nguyễn Sơn, Tân Phú, 3 tầng, hướng Đông, 9.8 tỷ",9.8 tỷ,66 m²,"264/5, Đường Nguyễn Sơn, Phường Phú Thọ Hòa, Quận Tân Phú",https://nhabansg.vn/ban-nha-goc-cho-2mt-2645-nguyen-son-tan-phu-3-tang-huong-dong-98-ty-nb615788.html
CẦN BÁN HOẶC CHO THUÊ CHỈ TIẾP KHÁCH THIỆN TRÍ Quận Tân Phú,6.5 tỷ,71.6 m²,"Đường Dương Văn Dương, Phường Tân Quý, Quận Tân Phú",https://nhabansg.vn/can-ban-hoac-cho-thue-chi-tiep-khach-thien-tri-quan-tan-phu-nb615781.html
HOA HỒNG 1% ĐƯỜNG 12M CHẾ LAN VIÊN_5X15M_C4 Quận Tân Phú,9.19 tỷ,72 m²,"Đường Chế Lan Viên, Phường Tây Thạnh, Quận Tân Phú",https://nhabansg.vn/hoa-hong-1-duong-12m-che-lan-vien_5x15m_c4-quan-tan-phu-nb615748.html
"HHMG1%] Bán nhà 36/5 Đô Đốc Chấn, Tân Phú, 5x12, 3PN, chỉ 4.95 tỷ TL",4.95 tỷ,60 m²,"Đường Đô Đốc Chấn, Phường Sơn Kỳ, Quận Tân Phú",https://nhabansg.vn/hhmg1-ban-nha-365-do-doc-chan-tan-phu-5x12-3pn-chi-495-ty-tl-nb615739.html
"Bán căn góc The Glen, vị trí đẹp nhất tại Celadon City mua từ Chủ ĐT",29 tỷ,440 m²,"số 88, N1, Phường Sơn Kỳ, Quận Tân Phú",https://nhabansg.vn/ban-can-goc-the-glen-vi-tri-dep-nhat-tai-celadon-city-mua-tu-chu-dt-nb615728.html
Bán nhà Mặt Tiền Đường Nguyễn Minh Châu Đối Diện Công Viên Quận Tân Phú,8.5 tỷ,69.1 m²,"Đường Nguyễn Minh Châu, Phường Phú Trung, Quận Tân Phú",https://nhabansg.vn/ban-nha-mat-tien-duong-nguyen-minh-chau-doi-dien-cong-vien-quan-tan-phu-nb615714.html
"HH 1% đủ) Bán nhà MT 14 Lê Thận, Q Tân Phú - 4x19m - 3 tầng",9.2 tỷ,76 m²,"14, Đường Lê Thận, Phường Hiệp Tân, Quận Tân Phú",https://nhabansg.vn/hh-1-du-ban-nha-mt-14-le-than-q-tan-phu-4x19m-3-tang-nb615592.html
NHÀ HÌNH L 66M2 1 LẦU CÁCH KÊNH TÂN HOÁ 20M,5.5 tỷ,66 m²,"Đường Kênh Tân Hóa, Phường Phú Trung, Quận Tân Phú",https://nhabansg.vn/nha-hinh-l-66m2-1-lau-cach-kenh-tan-hoa-20m-nb615582.html
"Bán nhà 168/58 Nguyễn Suý, Phường  Tân Quý, Quận Tân PHú  4pn giá 7.x tỷ",7.2 tỷ,51 m²,"168/58, Đường Nguyễn Súy, Phường Tân Quý, Quận Tân Phú",https://nhabansg.vn/ban-nha-16858-nguyen-suy-p-tan-quy-quan-tan-phu-4pn-gia-7x-ty-nb615566.html
HÀNG MỚI VỀ – HOA HỒNG 1% NHẬN ĐỦ ? Quận  Tân Phú,15.95 tỷ,88 m²,"169, Đường Bờ Bao Tân Thắng, Phường Sơn Kỳ, Quận Tân Phú",https://nhabansg.vn/hang-moi-ve-hoa-hong-1-nhan-du-q-tan-phu-nb615537.html
"Bán nhà HXH Tân Phú, 68m2, chỉ 4.x tỷ, ngang 4m, chính chủ lâu n",4.4 tỷ,68 m²,"Đường Lê Trọng Tấn, Phường Sơn Kỳ, Quận Tân Phú",https://nhabansg.vn/ban-nha-hxh-tan-phu-68m2-chi-4x-ty-ngang-4m-chinh-chu-lau-n-nb615536.html
Bán Nhà 101/48/16 Gò Dầu,5.6 tỷ,45 m²,"Đường Gò Dầu, Phường Tân Quý, Quận Tân Phú",https://nhabansg.vn/ban-nha-1014816-go-dau-nb615512.html
Nhà bán mới Tân Phú 2 mặt hẻm- Vị trí độc đáo,3.65 tỷ,21 m²,"Đường Vườn Lài, Phường Phú Thọ Hòa, Quận Tân Phú",https://nhabansg.vn/nha-ban-moi-tan-phu-2-mat-hem-vi-tri-doc-dao-nb615511.html
"cần bán căn nhà Hẻm Ôtô tránh, Đường Huỳnh Thiện Lộc- Tân ph",5.75 tỷ,32 m²,"Đường Huỳnh Thiện Lộc, Phường Hòa Thạnh, Quận Tân Phú",https://nhabansg.vn/can-ban-can-nha-hem-oto-tranh-duong-huynh-thien-loc-tan-ph-nb615500.html
Bán/Hồ Chí Minh/Tân Phú/Căn hộ chung cư tại Âu Cơ Tower Chính chủ gửi,3.15 tỷ,68 m²,Quận Tân Phú,https://nhabansg.vn/banho-chi-minhtan-phucan-ho-chung-cu-tai-au-co-tower-chinh-chu-gui-nb615486.html
"Tôi chính chủ Bán Lotus Garden, giá 3,35 tỷ, 70m2, 2Pn, tại Trịnh Đình",3.35 tỷ,70 m²,Quận Tân Phú,https://nhabansg.vn/toi-chinh-chu-ban-lotus-garden-gia-335-ty-70m2-2pn-tai-trinh-dinh-nb615479.html
Bán nhà 67/27 Nguyễn Văn Yến Quận  Tân Phú,3.75 tỷ,32 m²,"67/27, Đường Nguyễn Văn Yến, Phường Tân Thới Hòa, Quận Tân Phú",https://nhabansg.vn/ban-nha-6727-nguyen-van-yen-q-tan-phu-nb615469.html
"CHÍNH CHỦ BÁN 364/5* TRỊNH ĐÌNH TRỌNG, Quận TÂN PHÚ, HCM",17 tỷ,204 m²,"364/5*, Trịnh Đình Trọng, Phường Hòa Thạnh, Quận Tân Phú",https://nhabansg.vn/chinh-chu-ban-3645-trinh-dinh-trong-qtan-phu-hcm-nb615465.html
Bán dãy phòng trọ Số 11 đường T8 Tây Thạnh Tân Phú,9.8 tỷ,100 m²,"Đường T8, Phường Tây Thạnh, Quận Tân Phú",https://nhabansg.vn/ban-day-phong-tro-so-11-duong-t8-tay-thanh-tan-phu-nb615454.html
"Bán đất tặng nhà C4 Bán nhà 352/42 Gò Dầu, Phường  Tân Sơn Nhì, Tân Phú",4.9 tỷ,56 m²,"Đường Gò Dầu, Phường Tân Quý, Quận Tân Phú",https://nhabansg.vn/ban-dat-tang-nha-c4-ban-nha-35242-go-dau-p-tan-son-nhi-tan-phu-nb615446.html
"bán gấp MT 4x25m=100m2 giá 10,5Tỷ",10.5 tỷ,100 m²,"Đường T8, Phường Tây Thạnh, Quận Tân Phú",https://nhabansg.vn/ban-gap-mt-4x25m100m2-gia-105ty-nb615433.html
"bán Nhà mới căn góc công viên Siêu hiếm, khu đồng bộ VIP Quận Tân Phú",8.8 tỷ,54 m²,"Nguyễn Văn Yến, Phường Hiệp Tân, Quận Tân Phú",https://nhabansg.vn/ban-nha-moi-can-goc-cong-vien-sieu-hiem-khu-dong-bo-vip-quan-tan-phu-nb615403.html
Bán nhà hẻm xe tải 320/3/16 gò dầu 4x13m đúc 1 tấm 5.75 tỷ,5.75 tỷ,49 m²,"Đường Gò Dầu, Phường Tân Sơn Nhì, Quận Tân Phú",https://nhabansg.vn/ban-nha-hem-xe-tai-320316-go-dau-4x13m-duc-1-tam-575-ty-nb615367.html
"269/2 Thống Nhất, 4x8m, 2 tầng, 3 tỷ tl, miễn trung gian",3 tỷ,32 m²,"Đường Thống Nhất, Phường Tân Thành, Quận Tân Phú",https://nhabansg.vn/2692-thong-nhat-4x8m-2-tang-3-ty-tl-mien-trung-gian-nb615347.html
"Chính Chủ Gửi Bán Nhà 2 Tầng , 72M2 (6x12), 3PN, Gần Aeon Mall Tân Phú",7.59 tỷ,72 m²,"Đường Dương Văn Dương, Phường Tân Quý, Quận Tân Phú",https://nhabansg.vn/chinh-chu-gui-ban-nha-2-tang-72m2-6x12-3pn-gan-aeon-mall-tan-phu-nb615325.html
Bán nhà cạnh trường Đoàn Thị Điểm Quận  Tân Phú,3.35 tỷ,24 m²,"Đường Trần Văn Ơn, Phường Tân Sơn Nhì, Quận Tân Phú",https://nhabansg.vn/ban-nha-canh-truong-doan-thi-diem-q-tan-phu-nb615290.html
"Bán nhà góc 2 MT 160/73F Vườn Lài, Tân Phú, 6x17m, 4 Lầu, giá 21.9 tỷ",21.9 tỷ,102 m²,"Đường Vườn Lài, Phường Tân Thành, Quận Tân Phú",https://nhabansg.vn/ban-nha-goc-2-mt-16073f-vuon-lai-tan-phu-6x17m-4-lau-gia-219-ty-nb615280.html
Băn nhà số 23 Đường Nguyễn Hưu Tiến. Dt 44m2 giá 4.8 tỷ,4.8 tỷ,44 m²,"Đường Nguyễn Hữu Tiến, Phường Tây Thạnh, Quận Tân Phú",https://nhabansg.vn/ban-nha-so-23-duong-nguyen-huu-tien-dt-44m2-gia-48-ty-nb615276.html
"Giảm 1 tỷ! Số 10 Đàm Thận Huy, đối diện Chợ Tân Hương - 95m2, 6 Tầng",13.9 tỷ,95 m²,"10, Đàm Thận Huy, Phường Tân Quý, Quận Tân Phú",https://nhabansg.vn/giam-1-ty-so-10-dam-than-huy-doi-dien-cho-tan-huong-95m2-6-tang-nb615248.html
cần bán nhà hẻm xe hơi Lê Trọng Tấn Quận  Tân Phú,7.2 tỷ,72.7 m²,"Đường Lê Trọng Tấn, Phường Sơn Kỳ, Quận Tân Phú",https://nhabansg.vn/can-ban-nha-hem-xe-hoi-le-trong-tan-q-tan-phu-nb615233.html
"Chinh chủ ban nhà 3 lầu dia chỉ 52/2/5 đuong Tân Thành,  Tân Phú",3.2 tỷ,17 m²,"52/2/5, Đường Tân Thành, Phường Hòa Thạnh, Quận Tân Phú",https://nhabansg.vn/chinh-chu-ban-nha-3-lau-dia-chi-5225-duong-tan-thanh-tan-phu-nb615216.html
"cần bán, nhà sổ hồng riêng,giá hợp lí Quận Tân Phú",4.65 tỷ,48 m²,"Đường Lê Đình Thám, Phường Tân Quý, Quận Tân Phú",https://nhabansg.vn/can-ban-nha-so-hong-rienggia-hop-li-quan-tan-phu-nb615128.html
"Chính chủ gửi bán Khang Phú 68m², 2PN, 2toilet nhà mới tinh, chỉ 2,85 tỷ",2.85 tỷ,68 m²,"Đường Huỳnh Thiện Lộc, Phường Hòa Thạnh, Quận Tân Phú",https://nhabansg.vn/chinh-chu-gui-ban-khang-phu-68m-2pn-2toilet-nha-moi-tinh-chi-285-ty-nb615108.html
"Bán Nhà Cấp 4 459/26 Đường Tân Kỳ Tân Quý,5-38M 12.9ty Aeon Tân Phú",12.9 tỷ,188 m²,"549/26, Hẻm 549 Tân Kỳ Tân Quý, Phường Tân Quý, Quận Tân Phú",https://nhabansg.vn/ban-nha-cap-4-45926-duong-tan-ky-tan-quy5-38m-129ty-aeon-tan-phu-nb615089.html
Bán nhà hẻm 3m Phú thọ hoà ( chợ vải,2 tỷ,25 m²,"Đường Phú Thọ Hoà, Phường Phú Thọ Hòa, Quận Tân Phú",https://nhabansg.vn/ban-nha-hem-3m-phu-tho-hoa-cho-vai-nb615046.html
Hoa Hong 1% Bán nhà MT kinh doanh Nguyễn Sơn,11.6 tỷ,62.4 m²,"180, Nuyễn Sơn, Phường Phú Thạnh, Quận Tân Phú",https://nhabansg.vn/hoa-hong-1-ban-nha-mt-kinh-doanh-nguyen-son-nb615023.html
"Bán nhà 40 Lê Khôi 5,480 tỷ tl",5.48 tỷ,24 m²,"Đường Lê Khôi, Phường Phú Thạnh, Quận Tân Phú",https://nhabansg.vn/ban-nha-40-le-khoi-5480-ty-tl-nb615006.html
Nhà bán chế lan viên tân phú đường xe tải  gần nha ga T3 va metro số 2,5.8 tỷ,52 m²,"Đường Chế Lan Viên, Phường Tây Thạnh, Quận Tân Phú",https://nhabansg.vn/nha-ban-che-lan-vien-tan-phu-duong-xe-tai-gan-nha-ga-t3-va-metro-so-2-nb614972.html
"Bán nhà 1 sẹc đường Đoàn Giỏi, giá 5,15 tỷ Quận Tân Phú",5.15 tỷ,52.4 m²,"đường đoàn giỏi, Phường Sơn Kỳ, Quận Tân Phú",https://nhabansg.vn/ban-nha-1-sec-duong-doan-gioi-gia-515-ty-quan-tan-phu-nb614970.html
Cần bán nhà CHDV đang cho thuê khoán 22/thang Quận  Tân Phú,8.2 tỷ,79.4 m²,"401/30, Đường Tân Kỳ Tân Quý, Phường Tân Quý, Quận Tân Phú",https://nhabansg.vn/can-ban-nha-chdv-dang-cho-thue-khoan-22thang-q-tan-phu-nb614967.html
Nhà bán mặt tiền kinh doanh Nguyễn nhữ lãm,5.6 tỷ,42 m²,"Hẻm 12 Nguyễn Nhữ Lãm, Phường Phú Thọ Hòa, Quận Tân Phú",https://nhabansg.vn/nha-ban-mat-tien-kinh-doanh-nguyen-nhu-lam-nb614905.html
Nhà MT đường 30/4 đang kinh doanh thu nhập 50 triệu/thg cần bán giá tốt,23.5 tỷ,161 m²,"Đường 30 Tháng 4, Phường Tân Thành, Quận Tân Phú",https://nhabansg.vn/nha-mt-duong-304-dang-kinh-doanh-thu-nhap-50-trieuthg-can-ban-gia-tot-nb614902.html
"NHÀ 16/5/…TRẦN VĂN ƠN – TÂN SƠN NHÌ, TÂN PHÚ",3.83 tỷ,34 m²,"Đường Trần Văn Ơn, Phường Tân Sơn Nhì, Quận Tân Phú",https://nhabansg.vn/nha-165tran-van-on-tan-son-nhi-tan-phu-nb614899.html
Chủ Gửi Bán - HXH Đường Kênh 19/5 - diện tích 4x19m 1 trệt 1 lầu - Ngay Aeon Quận Tân Phú,7.2 tỷ,76 m²,"Đường Kênh 19 Tháng 5, Phường Tây Thạnh, Quận Tân Phú",https://nhabansg.vn/chu-gui-ban-hxh-duong-kenh-195-dt-4x19m-1-tret-1-lau-ngay-aeon-quan-tan-phu-nb614878.html
CHÍNH CHỦ CẦN BÁN NHÀ TÌM NGƯỜI MUA,7.5 tỷ,56 m²,"Khuông Việt, Phường Phú Trung, Quận Tân Phú",https://nhabansg.vn/chinh-chu-can-ban-nha-tim-nguoi-mua-nb614872.html
"Hẻm XH Lê Trọng Tấn, Nhà Chính Chủ 4,1 x 15. Giá Chỉ 5tỷ15 Bớt Lộc",5.15 tỷ,62 m²,"Đường Lê Trọng Tấn, Phường Tây Thạnh, Quận Tân Phú",https://nhabansg.vn/hem-xh-le-trong-tan-nha-chinh-chu-41-x-15-gia-chi-5ty15-bot-loc-nb614803.html
Bán tòa nhà - 66 phòng doanh thu 280t/thang  Sổ hồng riêng Tân Phú,36.08 tỷ,354 m²,"Đường Phan Anh, Phường Tân Thới Hòa, Quận Tân Phú",https://nhabansg.vn/ban-toa-nha-66-phong-doanh-thu-280tthang-so-hong-rieng-tan-phu-nb614800.html
"Chính Chủ Bán Nhà Mới Đẹp Hẻm 6M Thông, TT Tân Phú",6.45 tỷ,55 m²,"139/., Đường Lê Thúc Hoạch, Phường Phú Thọ Hòa, Quận Tân Phú",https://nhabansg.vn/chinh-chu-ban-nha-moi-dep-hem-6m-thong-tt-tan-phu-nb614781.html
chính chủ cần bán nhà sát MT đường gò dầu Quận  Tân Phú,6.7 tỷ,65 m²,"Đường Gò Dầu, Phường Tân Sơn Nhì, Quận Tân Phú",https://nhabansg.vn/chinh-chu-can-ban-nha-sat-mt-duong-go-dau-q-tan-phu-nb614775.html
"bán nhà sát Tây Thạnh, Tân Phú 66m2, 4 phòng ngủ chỉ hơn 5tỷ xíu",5 tỷ,66 m²,"Tây Thạnh Sát Phan Huy Ích, Phường 15 Tân Bình, Phường Tây Thạnh, Quận Tân Phú",https://nhabansg.vn/ban-nha-sat-tay-thanh-tan-phu-66m2-4pn-chi-hon-5ty-xiu-nb614773.html
BÁN GẤP NHÀ_SÁT CHỢ TÂN HƯƠNG_GÓC HẺM ÔTÔ_TRUNG TÂM Quận T/PHÚ_CHỈ 3TỶ650,3.65 tỷ,35 m²,"Đường số 18, Phường Tân Quý, Quận Tân Phú",https://nhabansg.vn/ban-gap-nha_sat-cho-tan-huong_goc-hem-oto_trung-tam-qtphu_chi-3ty650-nb614748.html
Bán biệt thự MT 16x9 góc 2 mặt tiền-Vị trí cực đẹp và khan hiếm Quận Tân Phú,32 tỷ,144 m²,"Đường Lê Thúc Hoạch, Phường Phú Thọ Hòa, Quận Tân Phú",https://nhabansg.vn/ban-biet-thu-mt-16x9-goc-2-mat-tien-vi-tri-cuc-dep-va-khan-hiem-quan-tan-phu-nb614711.html
Bán nhà Hẻm 151/43D Lũy Bán Bích mới đẹp chỉ 4.35 tỷ,4.35 tỷ,45 m²,"151/43d Lũy bán bích, Đường Lũy Bán Bích, Phường Tân Thới Hòa, Quận Tân Phú",https://nhabansg.vn/ban-nha-hem-15143d-luy-ban-bich-moi-dep-chi-435-ty-nb614696.html
bán nhà mặt tiền Nguyễn lộ trạch tân Phú,6.99 tỷ,83 m²,"Đường Nguyễn Lộ Trạch, Phường Tân Quý, Quận Tân Phú",https://nhabansg.vn/ban-nha-mat-tien-nguyen-lo-trach-tan-phu-nb614665.html
Bán nhà ngay Đại Học Thực Phẩm nhà đẹp 57m2 3 phòng ngủ giá rẻ,4.95 tỷ,57 m²,"Đường Đô Đốc Chấn, Phường Sơn Kỳ, Quận Tân Phú",https://nhabansg.vn/ban-nha-ngay-dai-hoc-thuc-pham-nha-dep-57m2-3-phong-ngu-gia-re-nb614666.html
"Bán nhà 352/42 Gò Dầu, Phường  Tân Sơn Nhì,Quận   Tân Phú",4.95 tỷ,56 m²,"352/42, Đường Gò Dầu, Phường Tân Sơn Nhì, Quận Tân Phú",https://nhabansg.vn/ban-nha-35242-go-dau-phuong-tan-son-nhiquan-tan-phu-nb614649.html
BÁN NHÀ KÊNH 19/5 HXT THÔNG 5x18M Quận  Tân Phú,10.8 tỷ,90 m²,"Đường Kênh 19 Tháng 5, Phường Tây Thạnh, Quận Tân Phú",https://nhabansg.vn/ban-nha-kenh-195-hxt-thong-5x18m-q-tan-phu-nb614631.html
"111/8/24 căn bìa, hai mặt hẻm rộng, ngang 4m, nở hậu 7m, 87m2, 8 tỷ Quận Tân Phú",8 tỷ,87 m²,"111/8/24, Đường Vườn Lài, Phường Phú Thọ Hòa, Quận Tân Phú",https://nhabansg.vn/111824-can-bia-hai-mat-hem-rong-ngang-4m-no-hau-7m-87m2-8-ty-quan-tan-phu-nb614618.html
Bán nhà MTKD đường Lê Lư HH 1% ae nhận đủ,3.85 tỷ,24 m²,"Đường Lê Lư, Phường Phú Thọ Hòa, Quận Tân Phú",https://nhabansg.vn/ban-nha-mtkd-duong-le-lu-hh-1-ae-nhan-du-nb614606.html
"Bán nhà HXH 76/55/5 Lê Văn Phan diện tíchSD 174m2 giá 10,5 tỷ",,74 m²,"76/55/5, Đường Lê Văn Phan, Phường Phú Thọ Hòa, Quận Tân Phú",https://nhabansg.vn/ban-nha-hxh-76555-le-van-phan-dien-tichsd-174m2-gia-105-ty-nb614554.html
"Nhà bán HXH 6m 81/1A Lương Thế Vinh, Tân Thới Hòa - QUẬN TÂN PHÚ Quận  Tân Phú",15 tỷ,126 m²,"Đường Lương Thế Vinh, Phường Tân Thới Hòa, Quận Tân Phú",https://nhabansg.vn/nha-ban-hxh-6m-811a-luong-the-vinh-tan-thoi-hoa-quan-tan-phu-q-tan-phu-nb614523.html
"99/25 DƯƠNG VĂN DƯƠNG 4X18 TRỆT 2 LẦU ST,8.5 TỶ Quận Tân Phú",8.5 tỷ,75.6 m²,"Đường Dương Văn Dương, Phường Tân Quý, Quận Tân Phú",https://nhabansg.vn/9925-duong-van-duong-4x18-tret-2-lau-st85-ty-quan-tan-phu-nb614512.html
"Mặt Tiền 40 LÊ QUỐC TRINH ( 12X18M, Nở Hậu 210m2 ) 26 Tỷ Chính Chủ Gửi",26 tỷ,210 m²,"40, Đường Lê Quốc Trinh, Phường Phú Thọ Hòa, Quận Tân Phú",https://nhabansg.vn/mat-tien-40-le-quoc-trinh-12x18m-no-hau-210m2-26-ty-chinh-chu-gui-nb614495.html
Nhà bán 1 trệt 1 lầu hẻm xe tải ngay ngã 4 Bốn Xã,2.1 tỷ,12 m²,"Đường Phan Anh, Phường Hiệp Tân, Quận Tân Phú",https://nhabansg.vn/nha-ban-1-tret-1-lau-hem-xe-tai-ngay-nga-4-bon-xa-nb614486.html
"Bán Nhà Chính Chủ 5 Tầng - Phường  Tân Sơn Nhì, Quận Tân Phú - Giá 5 Tỷ Nhỉnh",5.18 tỷ,28 m²,"Đường Tân Sơn Nhì, Phường Tân Sơn Nhì, Quận Tân Phú",https://nhabansg.vn/ban-nha-chinh-chu-5-tang-p-tan-son-nhi-qtan-phu-gia-5-ty-nhinh-nb614484.html
cần bán Quận  Tân Phú,11 tỷ,97 m²,"Đường Lũy Bán Bích, Phường Phú Thạnh, Quận Tân Phú",https://nhabansg.vn/can-ban-q-tan-phu-nb614472.html
Bán nhà HXH 53/5 Lý Tuệ ngay Aeon 4.1x16m lửng 5.9ty Quận Tân Phú,5.9 tỷ,65 m²,"Hẻm 53 Lý Tuệ, Phường Tân Quý, Quận Tân Phú",https://nhabansg.vn/ban-nha-hxh-535-ly-tue-ngay-aeon-41x16m-lung-59ty-quan-tan-phu-nb614466.html
"Chính chủ bán nhà 79/6/8 Phú Thọ Hòa, Phường Phú Thọ Hòa, Quận Tân Phú",7.25 tỷ,57 m²,"79/6/8, Đường Phú Thọ Hoà, Phường Phú Thọ Hòa, Quận Tân Phú",https://nhabansg.vn/chinh-chu-ban-nha-7968-phu-tho-hoa-phuong-phu-tho-hoa-quan-tan-phu-nb614424.html
"Bán nhà 94/5/13 Phú Thọ Hòa.Tân Phú.diện tích 4,1m×6,3m.diện tíchSD 25,5m.1 Lầu.2PN) Quận  Tân Phú",3.35 tỷ,26 m²,"93/3/15, Đường Phú Thọ Hoà, Phường Phú Thọ Hòa, Quận Tân Phú",https://nhabansg.vn/ban-nha-94513-phu-tho-hoatan-phudt-41m63mdtsd-255m1-lau2pn-q-tan-phu-nb614412.html
"Tân Thành Tân Phú cần bán gấp 4T 3 phòng ngủ 3Wc 10m ra MT có 3,2T",3.2 tỷ,17 m²,"53/2/5, Đường Tân Thành, Phường Hòa Thạnh, Quận Tân Phú",https://nhabansg.vn/tan-thanh-tan-phu-can-ban-gap-4t-3pn-3wc-10m-ra-mt-co-32t-nb614409.html
"cần bán căn nhà , diện tích 95m2, giá 9 tỷ/TL",9 tỷ,95 m²,"Đường Trịnh Đình Trọng, Phường Phú Trung, Quận Tân Phú",https://nhabansg.vn/can-ban-can-nha-dien-tich-95m2-gia-9-tytl-nb614404.html
Bán nhà VTKD 6m sát Mt Kênh Tân Hoá dtcn 80m2- 4/8  x20 chỉ 8 ty tl Quận Tân Phú,8 tỷ,80 m²,"Đường Kênh Tân Hóa, Phường Hòa Thạnh, Quận Tân Phú",https://nhabansg.vn/ban-nha-vtkd-6m-sat-mt-kenh-tan-hoa-dtcn-80m2-48-x20-chi-8-ty-tl-quan-tan-phu-nb614395.html
"Bán nhà Kênh Tân Hóa Tân Phú nhà 2 tầng diện tích: 4,2/5m x 12m giá 5,5 tỷ",5.5 tỷ,56 m²,"Đường Kênh Tân Hóa, Phường Phú Trung, Quận Tân Phú",https://nhabansg.vn/ban-nha-kenh-tan-hoa-tan-phu-nha-2-tang-dt-425m-x-12m-gia-55-ty-nb614370.html
"Bán CHDV ngay Phan Anh, Tân Phú, diện tích 3 tỷ 6/năm, 36 tỷ 800 thương lượng",36.8 tỷ,355 m²,"Đường Phan Anh, Phường Phú Thạnh, Quận Tân Phú",https://nhabansg.vn/ban-chdv-ngay-phan-anh-tan-phu-dt-3-ty-6nam-36-ty-800-thuong-luong-nb614368.html
bán MPN 173/32 Khuông Việt 4x22 2L (9.5 tỷ tl) Quận Tân Phú,9.5 tỷ,88 m²,"173/32, Đường Khuông Việt, Phường Phú Trung, Quận Tân Phú",https://nhabansg.vn/ban-mpn-17332-khuong-viet-4x22-2l-95-ty-tl-quan-tan-phu-nb614358.html
Bán biệt thự mini siêu đẹp 79/64 đường bờ bao Tân Thắng . eon tân phú,2.4 tỷ,20 m²,"79/64, Bờ Bao Tân Thắng, Phường Tân Sơn Nhì, Quận Tân Phú",https://nhabansg.vn/ban-biet-thu-mini-sieu-dep-7964-duong-bo-bao-tan-thang-eon-tan-phu-nb614345.html
"Chủ Ngộp Hà Chào 1,5Tỷ. Bán Nhà MT 30/4 4x20m Vuông Vắn 3 Lầu Đẹp Quận Tân Phú",11.5 tỷ,78 m²,"Đường 30 Tháng 4, Phường Tân Thành, Quận Tân Phú",https://nhabansg.vn/chu-ngop-ha-chao-15ty-ban-nha-mt-304-4x20m-vuong-van-3-lau-dep-quan-tan-phu-nb614297.html
"Gấp! Bán nhà 39m2 xây 2 tầng đường Kênh 19/5,Tân Phú.Gần AEON Tân Phú",1.91 tỷ,39 m²,"Đường Kênh 19 Tháng 5, Phường Sơn Kỳ, Quận Tân Phú",https://nhabansg.vn/gap-ban-nha-39m2-xay-2-tang-duong-kenh-195tan-phugan-aeon-tan-phu-nb614261.html
"bán nhà đường Tân Kỳ Tân Quý, Ngay trường ĐH Công Thương",6.6 tỷ,57 m²,"Đường Tân Kỳ Tân Quý, Phường Sơn Kỳ, Quận Tân Phú",https://nhabansg.vn/ban-nha-duong-tan-ky-tan-quy-ngay-truong-dh-cong-thuong-nb614229.html
Cần Bán Dãy nhà trọ 13 Phòng chính chủ có TL Quận Tân Phú,28.9 tỷ,270 m²,"Đường Tân Hương, Phường Tân Quý, Quận Tân Phú",https://nhabansg.vn/can-ban-day-nha-tro-13-phong-chinh-chu-co-tl-quan-tan-phu-nb614187.html
chính chủ cần bán nhà Quận  Tân Phú,7.5 tỷ,88 m²,"Đường số 41, Phường Phú Thọ Hòa, Quận Tân Phú",https://nhabansg.vn/chinh-chu-can-ban-nha-q-tan-phu-nb614181.html
"HOA HỒNG 1%?BÁN NHÀ 69/5 NGUYỄN CỬU ĐÀM, PHƯỜNG TÂN SƠN NHÌ, Q?TÂN PHÚ Quận Tân Phú",5.29 tỷ,45 m²,"69/5, Đường Nguyễn Cửu Đàm, Phường Tân Sơn Nhì, Quận Tân Phú",https://nhabansg.vn/hoa-hong-1ban-nha-695-nguyen-cuu-dam-phuong-tan-son-nhi-qtan-phu-quan-tan-phu-nb614167.html
1/Bình Trị Đông - Giáp Tân Phú- Sát MT - HXT - 5PN - Chỉ 5.xxty,5 tỷ,53 m²,"Đường Phú Thọ Hoà, Phường Phú Thọ Hòa, Quận Tân Phú",https://nhabansg.vn/1binh-tri-dong-giap-tan-phu-sat-mt-hxt-5pn-chi-5xxty-nb614162.html
"bán nhà MT MPN 92B Đỗ Bí , Quận Tân Phú. Giá 8,5 tỷ",8.5 tỷ,57 m²,"MPN 92B, Đường Đỗ Bí, Phường Phú Thạnh, Quận Tân Phú",https://nhabansg.vn/ban-nha-mt-mpn-92b-do-bi-quan-tan-phu-gia-85-ty-nb614159.html
bán nhà Gò Dầu gần AEON Mall Tân Phú [3m x 7m]  1 lầu,2.55 tỷ,21 m²,"Đường Gò Dầu, Phường Tân Quý, Quận Tân Phú",https://nhabansg.vn/ban-nha-go-dau-gan-aeon-mall-tan-phu-3m-x-7m-1-lau-nb614103.html
bán nhà chính chủ  hẻm xe hơi sát mặt tiền Quận Tân Phú,5.35 tỷ,36 m²,"Đường DC6, Phường Sơn Kỳ, Quận Tân Phú",https://nhabansg.vn/ban-nha-chinh-chu-hem-xe-hoi-sat-mat-tien-quan-tan-phu-nb614079.html
"Chính Chủ Xây Dựng 5Tầng BTCT, 4x17m, HXH Thông, Ngay Chợ Vải Phú Thọ Quận  Tân Phú",7.69 tỷ,69 m²,"Đường Phú Thọ Hoà, Phường Phú Thọ Hòa, Quận Tân Phú",https://nhabansg.vn/chinh-chu-xay-dung-5tang-btct-4x17m-hxh-thong-ngay-cho-vai-phu-tho-q-tan-phu-nb614075.html
"Cạnh Mặt Tiền, Sơn Kỳ, Sân 5m Thoáng 4.05/5 x 12 Cho Thuê 8 triệu/th",4.95 tỷ,57 m²,"Đường Đô Đốc Chấn, Phường Sơn Kỳ, Quận Tân Phú",https://nhabansg.vn/canh-mat-tien-son-ky-san-5m-thoang-4055-x-12-cho-thue-8trth-nb614071.html
205/19 THOẠI NGỌC HẦU ✅4x10.5✅ 2 lầu,6.6 tỷ,40 m²,"205/19, Đường Thoại Ngọc Hầu, Phường Phú Thạnh, Quận Tân Phú",https://nhabansg.vn/20519-thoai-ngoc-hau-4x105-2-lau-nb614068.html
Cần bán gấp  nhà mặt tiền 20 đường Diệp Minh Châu  TSN Tân Phú,10.5 tỷ,54.6 m²,"20, Đường Diệp Minh Châu, Phường Tân Sơn Nhì, Quận Tân Phú",https://nhabansg.vn/can-ban-gap-nha-mat-tien-20-duong-diep-minh-chau-tsn-tan-phu-nb614059.html
"Nhà bán hẻm ô tô 382 Tân Kỳ Tân Quý – gần AEON Mall, diện tích 50m²",7.2 tỷ,50 m²,"Hẻm 382/12 Tân Kỳ Tân Quý, Phường Sơn Kỳ, Quận Tân Phú",https://nhabansg.vn/nha-ban-hem-o-to-382-tan-ky-tan-quy-gan-aeon-mall-dien-tich-50m-nb614019.html
Nhà bán MT chính chủ cần bán . Q . Tân Phú,6.9 tỷ,61.2 m²,"97, Lý Thánh Tông, Phường Tân Thới Hòa, Quận Tân Phú",https://nhabansg.vn/nha-ban-mt-chinh-chu-can-ban-q-tan-phu-nb614000.html
"chính chủ nhà 4 tầng, diện tích 4x14, đủ lộ giới, Giá 6.x tỷ, Lê Trọng Tấn",6 tỷ,56 m²,"Đường Lê Trọng Tấn, Phường Tây Thạnh, Quận Tân Phú",https://nhabansg.vn/chinh-chu-nha-4-tang-dt-4x14-du-lo-gioi-gia-6x-ty-le-trong-tan-nb613999.html
"Gần Đầm Sen TP NGANG lớn gần 5m, hẻm thông  diện tíchCN 53m2, hệ số XD 4.5T",4 tỷ,53 m²,"Đường Lương Thế Vinh, Phường Tân Thới Hòa, Quận Tân Phú",https://nhabansg.vn/gan-dam-sen-tp-ngang-lon-gan-5m-hem-thong-dtcn-53m2-he-so-xd-45t-nb613996.html
"Bán nhà 168/58 Nguyễn Suý, Phường  Tân Quý, Quận Tân PHú  4pn giá 7.x tỷ",7.5 tỷ,51 m²,"168/58, Đường Nguyễn Súy, Phường Tân Quý, Quận Tân Phú",https://nhabansg.vn/ban-nha-16858-nguyen-suy-p-tan-quy-quan-tan-phu-4pn-gia-7x-ty-nb613978.html
"bán nhà  47/9 phan văn năm. giá 3,1tỷ. diện tích 3,05x7 nở hậu 3,2m Quận Tân Phú",3.1 tỷ,21 m²,"47/9, Đường Phan Văn Năm, Phường Phú Thạnh, Quận Tân Phú",https://nhabansg.vn/ban-nha-479-phan-van-nam-gia-31ty-dt-305x7-no-hau-32m-quan-tan-phu-nb613847.html
"Bán nhà chính chủ đang dạy tiếng anh, dt 4mx12m, 2 lầu, hẻm xe hơi Quận Tân Phú",5.95 tỷ,48 m²,"Đường Nguyễn Hữu Tiến, Phường Tây Thạnh, Quận Tân Phú",https://nhabansg.vn/ban-nha-chinh-chu-dang-day-tieng-anh-dt-4mx12m-2-lau-hem-xe-hoi-quan-tan-phu-nb613783.html
BANss NHÀ 36/5 ĐÔ ĐỐC CHẤN – Quận  TÂN PHÚ Quận  Tân Phú,4.95 tỷ,60 m²,"Đô Đốc Chấn, Phường Tân Quý, Quận Tân Phú",https://nhabansg.vn/banss-nha-365-do-doc-chan-q-tan-phu-q-tan-phu-nb613741.html
Bán nhà chính chủ Đường 8m có lề Thoại Ngọc Hầu 2 tầng 4x15.5m chỉ 7.2 tỷ Quận Tân Phú,7.2 tỷ,62 m²,"Đường Thoại Ngọc Hầu, Phường Phú Thạnh, Quận Tân Phú",https://nhabansg.vn/ban-nha-chinh-chu-duong-8m-co-le-thoai-ngoc-hau-2-tang-4x155m-chi-72-ty-quan-tan-phu-nb613707.html
cần bán nhà,4.9 tỷ,39 m²,"Đường Nguyễn Sơn, Phường Phú Thọ Hòa, Quận Tân Phú",https://nhabansg.vn/can-ban-nha-nb613694.html
Lên sóng nhà hẻm 1 Tỷ 980tr với 2 phòng ngủ đường Kênh 19/5 P Sơn Kỳ Q Tân Phú,1.98 tỷ,28 m²,"Đường Kênh 19 Tháng 5, Phường Sơn Kỳ, Quận Tân Phú",https://nhabansg.vn/len-song-nha-hem-1-ty-980tr-voi-2pn-duong-kenh-195-p-son-ky-q-tan-phu-nb613692.html
"Chính chủ bán nhà hxh 262 Phan Anh - Quận Tân Phú - 4m x 14m - chỉ 8,4 tỷ",8.4 tỷ,56 m²,"Đường Phan Anh, Phường Hiệp Tân, Quận Tân Phú",https://nhabansg.vn/chinh-chu-ban-nha-hxh-262-phan-anh-quan-tan-phu-4m-x-14m-chi-84-ty-nb613661.html
"Bán gấp nhà 2 lầu 3 phòng ngủ giá 5,35 tỷ hxh ngay trường trí đức 19/5 Quận Tân Phú",5.35 tỷ,36 m²,"19/5, Phường Sơn Kỳ, Quận Tân Phú",https://nhabansg.vn/ban-gap-nha-2-lau-3-phong-ngu-gia-535-ty-hxh-ngay-truong-tri-duc-195-quan-tan-phu-nb613651.html
NHÀ HẺM 66M2 1 LẦU KÊNH TÂN HOÁ TÂN PHÚ Quận  Tân Phú,5.5 tỷ,66 m²,"Đường Kênh Tân Hóa, Phường Phú Trung, Quận Tân Phú",https://nhabansg.vn/nha-hem-66m2-1-lau-kenh-tan-hoa-tan-phu-q-tan-phu-nb613644.html
Bán Nhà 56/24 Trần Hưng Đạo – Hẻm Kinh Doanh Sầm Uất – Sổ Hồng Riên,8.1 tỷ,52 m²,"56/24 , Đường Trần Hưng Đạo, Phường Tân Sơn Nhì, Quận Tân Phú",https://nhabansg.vn/ban-nha-5624-tran-hung-dao-hem-kinh-doanh-sam-uat-so-hong-rien-nb613608.html
"Cần bán nhanh nhà 583/15 Tân Kỳ Tân Quý, Tân Phú. diện tích 4x16",7 tỷ,64 m²,"583/15, Đường Tân Kỳ Tân Quý, Phường Tân Quý, Quận Tân Phú",https://nhabansg.vn/can-ban-nhanh-nha-58315-tan-ky-tan-quy-tan-phu-dien-tich-4x16-nb613526.html
"Chính Chủ bán nhà đất  549/26 Đường Tân Kỳ Tân Quý, Tân Quý, Tân Phú",27 tỷ,188 m²,"549/26 , Đường Tân Kỳ Tân Quý, Phường Tân Quý, Quận Tân Phú",https://nhabansg.vn/chinh-chu-ban-nha-dat-54926-duong-tan-ky-tan-quy-tan-quy-tan-phu-nb613525.html
Siêu phẩm mini hẻm 102/15 đỗ nhuận,1.89 tỷ,15.8 m²,"102/15/2, 102/15/2 Đường Đỗ Nhuận, Phường Sơn Kỳ, Quận Tân Phú",https://nhabansg.vn/sieu-pham-mini-hem-10215-do-nhuan-nb613524.html
Bán Nhà MTKD Đường Kênh 19/5 P Tây Thạnh. diện tích 100m2 giá 11.99 tỷ Quận  Tân Phú,11.99 tỷ,100 m²,"Đường Kênh 19 Tháng 5A, Phường Tây Thạnh, Quận Tân Phú",https://nhabansg.vn/ban-nha-mtkd-duong-kenh-195-p-tay-thanh-dt-100m2-gia-1199-ty-q-tan-phu-nb613509.html
"Bán nhà hẻm 1/5m Nguyễn Đỗ Cung, diện tích 8mx20m, cấp 4, Ngay ĐH Công Thương",12.8 tỷ,160 m²,"Đường Nguyễn Đỗ Cung, Phường Tây Thạnh, Quận Tân Phú",https://nhabansg.vn/ban-nha-hem-15m-nguyen-do-cung-dt-8mx20m-cap-4-ngay-dh-cong-thuong-nb613476.html
cần bán nhà Quận Tân Phú,2.8 tỷ,18 m²,"Huỳnh Thiện Lộc, Phường Hòa Thạnh, Quận Tân Phú",https://nhabansg.vn/can-ban-nha-quan-tan-phu-nb613429.html
"1% _ Bán nhà 7p dịch vụ cao cấp,thu nhập cao Đường Trần Văn Cẩn Quận Tân Phú",8.3 tỷ,60 m²,"Đường Trần Văn Cẩn, Phường Tân Thới Hòa, Quận Tân Phú",https://nhabansg.vn/1-_-ban-nha-7p-dich-vu-cao-capthu-nhap-cao-duong-tran-van-can-quan-tan-phu-nb613391.html
